,date,
0,Thu Jul  9 18:16:27 2020,MH12DE1433
,date,
0,Tue Aug 17 13:23:01 2021,
,date,
0,Tue Aug 17 13:30:48 2021,
,date,
0,Tue Aug 17 13:36:14 2021,
,date,
0,Tue Aug 17 14:06:55 2021,
,date,
0,Tue Aug 17 14:29:30 2021,
,date,
0,Tue Aug 17 15:07:13 2021,
,date,
0,Tue Aug 17 15:08:23 2021,"nH12nE1433

"
,date,
0,Wed Aug 25 09:15:47 2021,"nH12nE1433

"
,date,
0,Sun Aug 29 10:18:43 2021,
,date,
0,Sun Aug 29 10:19:25 2021,"nH12nE1433

"
,date,
0,Sun Aug 29 10:21:17 2021,"nH12nE1433

"
,date,
0,Sun Aug 29 10:21:36 2021,
,date,
0,Sun Aug 29 10:22:51 2021,
,date,
0,Sun Aug 29 10:34:00 2021," 

"
,date,
0,Sun Aug 29 10:47:58 2021," 

"
,date,
0,Sun Aug 29 10:50:51 2021," 

"
,date,
0,Sun Aug 29 10:57:29 2021," 

"
,date,
0,Sun Aug 29 13:23:14 2021," 

"
,date,
0,Sun Aug 29 13:48:34 2021," 

"
,date,
0,Sun Aug 29 13:58:05 2021," 

"
,date,
0,Sun Aug 29 14:02:42 2021,"@ a'¥,?“[i21.'[9ﬁ

"
,date,
0,Sun Aug 29 14:05:26 2021,
,date,
0,Sun Aug 29 14:05:47 2021,"@ a'¥,?“[i21.'[9ﬁ

"
,date,
0,Mon Aug 30 17:27:53 2021,
,date,
0,Mon Aug 30 17:28:34 2021,"@ a'¥,?“[i21.'[9ﬁ

"
,date,
0,Mon Aug 30 17:29:43 2021,"@ a'¥,?“[i21.'[9ﬁ

"
,date,
0,Mon Aug 30 17:33:04 2021," 21 BH 0000 AA

"
,date,
0,Mon Aug 30 17:35:03 2021," 21 BH 0000 AA

"
,date,
0,Mon Aug 30 17:36:20 2021,
,date,
0,Mon Aug 30 17:36:52 2021,
,date,
0,Mon Aug 30 17:37:10 2021," 21 BH 0000 AA

"
,date,
0,Tue Aug 31 04:56:45 2021," 21 BH 0000 AA

"
,date,
0,Tue Aug 31 04:58:55 2021," 21 BH 0000 AA

"
,date,
0,Tue Aug 31 05:00:20 2021," 21 BH 0000 AA

"
,date,
0,Tue Aug 31 05:05:35 2021,"@1511 AA

04765

"
,date,
0,Tue Aug 31 06:09:43 2021,"nH12nE1433

"
,date,
0,Tue Aug 31 06:10:11 2021,"@1511 AA

04765

"
,date,
0,Tue Aug 31 06:15:34 2021,"@1511 AA

04765

"
,date,
0,Tue Aug 31 06:15:55 2021,
,date,
0,Tue Aug 31 06:16:17 2021,"@1511 AA

04765

"
,date,
0,Tue Aug 31 10:24:46 2021,"@1511 AA

04765

"
,date,
0,Thu Sep  2 09:40:15 2021,"@1511 AA

04765

"
,date,
0,Thu Sep  2 09:41:50 2021,"@1511 AA

04765

"
,date,
0,Thu Sep  2 09:48:08 2021,"@1511 AA

04765

"
,date,
0,Thu Sep  2 09:48:28 2021,"@1511 AA

04765

"
,date,
0,Thu Sep  2 09:52:06 2021,"@1511 AA

04765

"
,date,
0,Thu Sep  2 10:07:15 2021,"@1511 AA

04765

"
,date,
0,Tue Sep  7 01:09:35 2021,"@1511 AA

04765

"
,date,
0,Tue Sep  7 01:10:41 2021,"@1511 AA

04765

"
,date,
0,Tue Sep  7 01:15:25 2021,"@1511 AA

04765

"
,date,
0,Tue Sep  7 01:34:04 2021,"@1511 AA

04765

"
,date,
0,Tue Sep  7 02:04:34 2021,"@1511 AA

04765

"
,date,
0,Tue Sep  7 02:32:43 2021,"@1511 AA

04765

"
,date,
0,Tue Sep  7 02:34:02 2021,"@1511 AA

04765

"
,date,
0,Tue Sep  7 02:35:46 2021,"@1511 AA

04765

"
,date,
0,Tue Sep  7 02:36:37 2021,"@1511 AA

04765

"
,date,
0,Tue Sep  7 02:38:04 2021,"@1511 AA

04765

"
,date,
0,Wed Sep  8 00:50:07 2021,"@1511 AA

04765

"
,date,
0,Wed Sep  8 00:51:38 2021,"@1511 AA

04765

"
,date,
0,Sat Sep 11 16:01:24 2021,"@1511 AA

04765

"
,date,
0,Sat Sep 11 16:03:01 2021,"@1511 AA

04765

"
,date,
0,Sat Sep 11 16:03:52 2021,"@1511 AA

04765

"
,date,
0,Sat Sep 11 16:07:59 2021," 

"
,date,
0,Sat Sep 11 16:09:19 2021,"@ a'¥,?“[i21.'[9ﬁ

"
,date,
0,Sat Sep 11 16:22:55 2021,"@1511 AA

04765

"
,date,
0,Sat Sep 11 16:44:23 2021,"@1511 AA

04765

"
,date,
0,Sat Sep 11 16:51:00 2021,"@1511 AA

04765

"
,date,
0,Sat Sep 11 16:59:31 2021,"@1511 AA

04765

"
,date,
0,Sat Sep 11 17:01:34 2021,
,date,
0,Sat Sep 11 17:03:26 2021,"@1511 AA

04765

"
,date,
0,Sat Sep 11 17:20:42 2021,"@1511 AA

04765

"
,date,
0,Mon Sep 13 21:49:38 2021,"@1511 AA

04765

"
,date,
0,Tue Sep 14 00:43:13 2021,"@1511 AA

04765

"
,date,
0,Tue Sep 14 06:38:21 2021,"@1511 AA

04765

"
,date,
0,Tue Sep 14 06:46:06 2021,"@1511 AA

04765

"
,date,
0,Tue Sep 14 20:52:48 2021,"@1511 AA

04765

"
,date,
0,Wed Sep 15 03:27:19 2021,"@1511 AA

04765

"
,date,
0,Wed Sep 15 03:29:39 2021,"@1511 AA

04765

"
,date,
0,Wed Sep 15 03:30:26 2021,"@1511 AA

04765

"
,date,
0,Wed Sep 15 03:32:45 2021,"@1511 AA

04765

"
,date,
0,Wed Sep 15 03:36:42 2021,"@1511 AA

04765

"
,date,
0,Wed Sep 15 03:37:31 2021,"@1511 AA

04765

"
,date,
0,Wed Sep 15 04:14:28 2021,
,date,
0,Wed Sep 15 04:15:57 2021,
,date,
0,Wed Sep 15 04:16:34 2021,
,date,
0,Wed Sep 15 05:38:55 2021,"@1511 AA

04765

"
,date,
0,Wed Sep 15 05:39:57 2021,"@1511 AA

04765

"
,date,
0,Wed Sep 15 05:51:59 2021,"@1511 AA

04765

"
,date,
0,Wed Sep 15 05:52:32 2021,"@1511 AA

04765

"
,date,
0,Wed Sep 15 05:53:17 2021,"@1511 AA

04765

"
,date,
0,Wed Sep 15 05:54:46 2021,"@1511 AA

04765

"
,date,
0,Wed Sep 15 05:55:03 2021,"@1511 AA

04765

"
,date,
0,Wed Sep 15 05:55:43 2021,"@1511 AA

04765

"
,date,
0,Wed Sep 15 05:56:33 2021,"@1511 AA

04765

"
,date,
0,Wed Sep 15 05:56:55 2021,"@1511 AA

04765

"
,date,
0,Wed Sep 15 05:58:08 2021,"@1511 AA

04765

"
,date,
0,Wed Sep 15 06:03:03 2021,"@1511 AA

04765

"
,date,
0,Wed Sep 15 06:06:15 2021," 

"
,date,
0,Wed Sep 15 06:07:45 2021," 

"
,date,
0,Wed Sep 15 06:08:08 2021," 

"
,date,
0,Wed Sep 15 06:10:23 2021," 

"
,date,
0,Wed Sep 15 06:29:20 2021,
,date,
0,Wed Sep 15 09:31:17 2021,
,date,
0,Wed Sep 15 09:31:37 2021,"@1511 AA

04765

"
,date,
0,Wed Sep 15 09:33:40 2021,"@1511 AA

04765

"
,date,
0,Wed Sep 15 09:33:59 2021,"@1511 AA

04765

"
